"Hazard ref","Threat ref","Element","Element type","Safety function","STRIDE","STRIDE category","Security threat (cause)","Hazardous situation","Harm","Severity of harm","Software safety class","Security severity","CVSS v4.0 vector","CVSS v4.0 score","Candidate risk controls","Controls already in place","Safety file reference","Threat model","Safety file"
"","","Clinician / caregiver","Entity","Produces clinical data used for decisions; Generates, carries or displays alarms","","","No security threat raised by the model","The clinician doses insulin and responds to lows based on what the console/kiosk shows. Wrong or missing readings and suppressed alarms lead to a wrong or withheld clinical decision.","","Serious — injury needing professional intervention","not set","","","","","","SEC-HAZ-004","CGM lab — GlucoSense CGM-3000 (worked example)","CGM-3000 Risk Management File (ISO 14971)"
"SEC-HAZ-001","T-16","Web admin console (Flask)","Process","Produces clinical data used for decisions","T","Tampering","Clinical data at Web admin console (Flask) can be altered or substituted","The console is where a clinician reads glucose trends and acknowledges alarms; a compromise that alters what it shows biases a dosing decision.","A clinician diagnoses or treats on wrong data: missed condition, unnecessary treatment, or the right treatment given to the wrong patient.","Serious — injury needing professional intervention","Class B — non-serious injury possible","CRITICAL","","","Bind clinical data to patient identity cryptographically and verify it at the point of display. | Sign results at the source; verify signatures before a result is used clinically. | Detect and flag stale data rather than displaying a last-known value as current.","SQLite-backed login with a STRONG admin password, a server-side kiosk PIN, and a 5-failure/5-min login lockout. But: the SQL is string-built (SQLi auth bypass), /admin/export joins the path with no containment (traversal leaks cgm.conf), the lockout is keyed on the spoofable X-Forwarded-For header, and app.secret_key is a rockyou word (forgeable session -> IDOR on /patient/1001-1005).","SEC-HAZ-002, RC-021","CGM lab — GlucoSense CGM-3000 (worked example)","CGM-3000 Risk Management File (ISO 14971)"
"SEC-HAZ-002","T-17","Web admin console (Flask)","Process","Produces clinical data used for decisions","D","Denial of service","Clinical data from Web admin console (Flask) may be unavailable when a decision has to be made","The console is where a clinician reads glucose trends and acknowledges alarms; a compromise that alters what it shows biases a dosing decision.","Treatment is delayed, or a decision is made without information that was available yesterday.","Serious — injury needing professional intervention","Class B — non-serious injury possible","CRITICAL","","","Define the downtime procedure and make sure clinicians have practised it. | Keep an independent, offline-capable copy of data needed for urgent care. | Cache the most recent values locally with an explicit staleness indicator.","SQLite-backed login with a STRONG admin password, a server-side kiosk PIN, and a 5-failure/5-min login lockout. But: the SQL is string-built (SQLi auth bypass), /admin/export joins the path with no containment (traversal leaks cgm.conf), the lockout is keyed on the spoofable X-Forwarded-For header, and app.secret_key is a rockyou word (forgeable session -> IDOR on /patient/1001-1005).","SEC-HAZ-002, RC-021","CGM lab — GlucoSense CGM-3000 (worked example)","CGM-3000 Risk Management File (ISO 14971)"
"SEC-HAZ-003","T-24","HL7 MLLP listener","Process","Produces clinical data used for decisions","T","Tampering","Clinical data at HL7 MLLP listener can be altered or substituted","Discloses per-patient glucose results and the device serial to any HL7 speaker; wrong or leaked results can misinform a downstream clinical decision.","A clinician diagnoses or treats on wrong data: missed condition, unnecessary treatment, or the right treatment given to the wrong patient.","Minor — temporary injury, no professional intervention","Class B — non-serious injury possible","CRITICAL","","","Bind clinical data to patient identity cryptographically and verify it at the point of display. | Sign results at the source; verify signatures before a result is used clinically. | Detect and flag stale data rather than displaying a last-known value as current.","Requires a properly MLLP-framed QRY^Q01 naming a valid MRN and NAKs the rest. But input SHAPE is not access control: no authentication, no TLS, no peer allow-list -> any HL7 speaker gets PHI, and MSH-3 leaks the BLE XOR key.","SEC-HAZ-005","CGM lab — GlucoSense CGM-3000 (worked example)","CGM-3000 Risk Management File (ISO 14971)"
"SEC-HAZ-004","T-25","HL7 MLLP listener","Process","Produces clinical data used for decisions","D","Denial of service","Clinical data from HL7 MLLP listener may be unavailable when a decision has to be made","Discloses per-patient glucose results and the device serial to any HL7 speaker; wrong or leaked results can misinform a downstream clinical decision.","Treatment is delayed, or a decision is made without information that was available yesterday.","Minor — temporary injury, no professional intervention","Class B — non-serious injury possible","CRITICAL","","","Define the downtime procedure and make sure clinicians have practised it. | Keep an independent, offline-capable copy of data needed for urgent care. | Cache the most recent values locally with an explicit staleness indicator.","Requires a properly MLLP-framed QRY^Q01 naming a valid MRN and NAKs the rest. But input SHAPE is not access control: no authentication, no TLS, no peer allow-list -> any HL7 speaker gets PHI, and MSH-3 leaks the BLE XOR key.","SEC-HAZ-005","CGM lab — GlucoSense CGM-3000 (worked example)","CGM-3000 Risk Management File (ISO 14971)"
"SEC-HAZ-005","T-31","MQTT broker (mosquitto)","Process","Controls or actuates therapy / diagnosis","T","Tampering","Therapy parameters handled by MQTT broker (mosquitto) can be altered without detection","A recovered credential can WRITE glucose/# even though it cannot READ it: a forged 'IN_RANGE' reading masks a true hypoglycaemia, suppresses its alarm, and drives an automated-delivery / dosing decision toward under-treatment.","The patient receives an over-dose, under-dose or wrong therapy while the display and records show the intended value.","Critical — permanent impairment or life-threatening injury","Class C — death or serious injury possible","CRITICAL","","","Sign or MAC therapy parameters end to end, and verify at the point of actuation rather than at the gateway. | Range-check every parameter against clinically safe limits at the device, independently of whatever sent it. | Cross-check the value actually being delivered against the value that was prescribed, and alarm on divergence.","allow_anonymous false + a password + a per-topic ACL (least privilege attempted). But the password (glucose123) leaks via the config traversal and is weak; the ACL grants cgmpub WRITE on glucose/# with no READ -> eavesdrop denied but forged-reading INJECTION allowed; and cgm/service/# is readable, exposing a retained flag.","SEC-HAZ-001, RC-011, RC-012","CGM lab — GlucoSense CGM-3000 (worked example)","CGM-3000 Risk Management File (ISO 14971)"
"SEC-HAZ-006","T-32","MQTT broker (mosquitto)","Process","Controls or actuates therapy / diagnosis","E","Elevation of privilege","Therapy control functions in MQTT broker (mosquitto) are reachable without a clinical authorisation decision","A recovered credential can WRITE glucose/# even though it cannot READ it: a forged 'IN_RANGE' reading masks a true hypoglycaemia, suppresses its alarm, and drives an automated-delivery / dosing decision toward under-treatment.","Someone with no clinical authority, or malware acting as them, changes the therapy a patient is receiving.","Critical — permanent impairment or life-threatening injury","Class C — death or serious injury possible","CRITICAL","","","Separate therapy-control operations behind their own authorisation, deny by default, and require a clinical role. | Require step-up authentication or a second person for high-consequence changes. | Log every therapy-control call with the authenticated identity and the resulting parameter change.","allow_anonymous false + a password + a per-topic ACL (least privilege attempted). But the password (glucose123) leaks via the config traversal and is weak; the ACL grants cgmpub WRITE on glucose/# with no READ -> eavesdrop denied but forged-reading INJECTION allowed; and cgm/service/# is readable, exposing a retained flag.","SEC-HAZ-001, RC-011, RC-012","CGM lab — GlucoSense CGM-3000 (worked example)","CGM-3000 Risk Management File (ISO 14971)"
"SEC-HAZ-007","T-33","MQTT broker (mosquitto)","Process","Controls or actuates therapy / diagnosis","D","Denial of service","Loss of MQTT broker (mosquitto) removes control of therapy","A recovered credential can WRITE glucose/# even though it cannot READ it: a forged 'IN_RANGE' reading masks a true hypoglycaemia, suppresses its alarm, and drives an automated-delivery / dosing decision toward under-treatment.","Therapy is interrupted, continues when it should have been stopped, or cannot be titrated while the patient deteriorates.","Critical — permanent impairment or life-threatening injury","Class C — death or serious injury possible","CRITICAL","","","Define and implement the safe state the device falls back to when its controller is unreachable, and test it. | Keep therapy control functional and locally overridable when the network, server or cloud is unavailable. | Rate limit and prioritise control traffic ahead of telemetry, logging and updates. | Alarm on loss of control communication rather than failing silently.","allow_anonymous false + a password + a per-topic ACL (least privilege attempted). But the password (glucose123) leaks via the config traversal and is weak; the ACL grants cgmpub WRITE on glucose/# with no READ -> eavesdrop denied but forged-reading INJECTION allowed; and cgm/service/# is readable, exposing a retained flag.","SEC-HAZ-001, RC-011, RC-012","CGM lab — GlucoSense CGM-3000 (worked example)","CGM-3000 Risk Management File (ISO 14971)"
"SEC-HAZ-008","T-34","MQTT broker (mosquitto)","Process","Controls or actuates therapy / diagnosis","R","Repudiation","Therapy changes at MQTT broker (mosquitto) cannot be reconstructed afterwards","A recovered credential can WRITE glucose/# even though it cannot READ it: a forged 'IN_RANGE' reading masks a true hypoglycaemia, suppresses its alarm, and drives an automated-delivery / dosing decision toward under-treatment.","A harmful setting cannot be traced, so the same hazard recurs; incident investigation, vigilance reporting and clinical defence all fail.","Critical — permanent impairment or life-threatening injury","Class C — death or serious injury possible","CRITICAL","","","Keep an append-only therapy audit trail: identity, timestamp, previous and new value, patient context and outcome. | Retain it for the period your vigilance and post-market surveillance obligations require. | Make sure the device keeps this record locally even when disconnected.","allow_anonymous false + a password + a per-topic ACL (least privilege attempted). But the password (glucose123) leaks via the config traversal and is weak; the ACL grants cgmpub WRITE on glucose/# with no READ -> eavesdrop denied but forged-reading INJECTION allowed; and cgm/service/# is readable, exposing a retained flag.","SEC-HAZ-001, RC-011, RC-012","CGM lab — GlucoSense CGM-3000 (worked example)","CGM-3000 Risk Management File (ISO 14971)"
"SEC-HAZ-009","T-35","MQTT broker (mosquitto)","Process","Generates, carries or displays alarms","T","Tampering","Alarm conditions or thresholds at MQTT broker (mosquitto) can be tampered with","A recovered credential can WRITE glucose/# even though it cannot READ it: a forged 'IN_RANGE' reading masks a true hypoglycaemia, suppresses its alarm, and drives an automated-delivery / dosing decision toward under-treatment.","A genuine deteriorating-patient alarm never reaches anyone, or false alarms are injected — driving alarm fatigue, desensitisation and unnecessary intervention.","Critical — permanent impairment or life-threatening injury","Class C — death or serious injury possible","HIGH","CVSS:4.0/AV:A/AC:L/AT:N/PR:L/UI:N/VC:N/VI:H/VA:N/SC:N/SI:H/SA:H","8.7","Protect alarm limits and escalation configuration with integrity checks; treat a change to them as a clinical event, not a setting. | Sign alarm messages so a receiver can prove the alarm came from the device that raised it. | Restrict who can change alarm limits, and record every change with the identity that made it. | Annunciate locally at the device as well as remotely, so tampering with one path does not silence both.","allow_anonymous false + a password + a per-topic ACL (least privilege attempted). But the password (glucose123) leaks via the config traversal and is weak; the ACL grants cgmpub WRITE on glucose/# with no READ -> eavesdrop denied but forged-reading INJECTION allowed; and cgm/service/# is readable, exposing a retained flag.","SEC-HAZ-001, RC-011, RC-012","CGM lab — GlucoSense CGM-3000 (worked example)","CGM-3000 Risk Management File (ISO 14971)"
"SEC-HAZ-010","T-36","MQTT broker (mosquitto)","Process","Generates, carries or displays alarms","D","Denial of service","Alarm delivery through MQTT broker (mosquitto) can be blocked, delayed or flooded","A recovered credential can WRITE glucose/# even though it cannot READ it: a forged 'IN_RANGE' reading masks a true hypoglycaemia, suppresses its alarm, and drives an automated-delivery / dosing decision toward under-treatment.","Deterioration goes unnoticed because nobody was alerted in time, or the alert that mattered was lost among false ones.","Critical — permanent impairment or life-threatening injury","Class C — death or serious injury possible","CRITICAL","","","Set and verify a maximum alarm annunciation delay end to end; monitor it in service. | Give alarm traffic its own prioritised, rate-limited path that ordinary traffic cannot starve. | Fail loud: if the alarm path cannot be confirmed available, raise a local technical alarm. | Keep an independent local annunciation that does not depend on the network at all.","allow_anonymous false + a password + a per-topic ACL (least privilege attempted). But the password (glucose123) leaks via the config traversal and is weak; the ACL grants cgmpub WRITE on glucose/# with no READ -> eavesdrop denied but forged-reading INJECTION allowed; and cgm/service/# is readable, exposing a retained flag.","SEC-HAZ-001, RC-011, RC-012","CGM lab — GlucoSense CGM-3000 (worked example)","CGM-3000 Risk Management File (ISO 14971)"
"SEC-HAZ-011","T-37","MQTT broker (mosquitto)","Process","Generates, carries or displays alarms","R","Repudiation","Alarm history at MQTT broker (mosquitto) is not reliable evidence","A recovered credential can WRITE glucose/# even though it cannot READ it: a forged 'IN_RANGE' reading masks a true hypoglycaemia, suppresses its alarm, and drives an automated-delivery / dosing decision toward under-treatment.","After an adverse event it cannot be established whether the alarm system worked, so a systemic alarm failure stays invisible and uncorrected.","Critical — permanent impairment or life-threatening injury","Class C — death or serious injury possible","CRITICAL","","","Log every alarm raise, annunciate, acknowledge, silence and clear event with identity and timestamp. | Store alarm history where the clinical or service user cannot edit it, and synchronise clocks. | Review silenced and repeatedly-acknowledged alarms as a safety signal.","allow_anonymous false + a password + a per-topic ACL (least privilege attempted). But the password (glucose123) leaks via the config traversal and is weak; the ACL grants cgmpub WRITE on glucose/# with no READ -> eavesdrop denied but forged-reading INJECTION allowed; and cgm/service/# is readable, exposing a retained flag.","SEC-HAZ-001, RC-011, RC-012","CGM lab — GlucoSense CGM-3000 (worked example)","CGM-3000 Risk Management File (ISO 14971)"
"SEC-HAZ-012","T-38","MQTT broker (mosquitto)","Process","Produces clinical data used for decisions","T","Tampering","Clinical data at MQTT broker (mosquitto) can be altered or substituted","A recovered credential can WRITE glucose/# even though it cannot READ it: a forged 'IN_RANGE' reading masks a true hypoglycaemia, suppresses its alarm, and drives an automated-delivery / dosing decision toward under-treatment.","A clinician diagnoses or treats on wrong data: missed condition, unnecessary treatment, or the right treatment given to the wrong patient.","Critical — permanent impairment or life-threatening injury","Class C — death or serious injury possible","CRITICAL","","","Bind clinical data to patient identity cryptographically and verify it at the point of display. | Sign results at the source; verify signatures before a result is used clinically. | Detect and flag stale data rather than displaying a last-known value as current.","allow_anonymous false + a password + a per-topic ACL (least privilege attempted). But the password (glucose123) leaks via the config traversal and is weak; the ACL grants cgmpub WRITE on glucose/# with no READ -> eavesdrop denied but forged-reading INJECTION allowed; and cgm/service/# is readable, exposing a retained flag.","SEC-HAZ-001, RC-011, RC-012","CGM lab — GlucoSense CGM-3000 (worked example)","CGM-3000 Risk Management File (ISO 14971)"
"SEC-HAZ-013","T-39","MQTT broker (mosquitto)","Process","Produces clinical data used for decisions","D","Denial of service","Clinical data from MQTT broker (mosquitto) may be unavailable when a decision has to be made","A recovered credential can WRITE glucose/# even though it cannot READ it: a forged 'IN_RANGE' reading masks a true hypoglycaemia, suppresses its alarm, and drives an automated-delivery / dosing decision toward under-treatment.","Treatment is delayed, or a decision is made without information that was available yesterday.","Critical — permanent impairment or life-threatening injury","Class C — death or serious injury possible","CRITICAL","","","Define the downtime procedure and make sure clinicians have practised it. | Keep an independent, offline-capable copy of data needed for urgent care. | Cache the most recent values locally with an explicit staleness indicator.","allow_anonymous false + a password + a per-topic ACL (least privilege attempted). But the password (glucose123) leaks via the config traversal and is weak; the ACL grants cgmpub WRITE on glucose/# with no READ -> eavesdrop denied but forged-reading INJECTION allowed; and cgm/service/# is readable, exposing a retained flag.","SEC-HAZ-001, RC-011, RC-012","CGM lab — GlucoSense CGM-3000 (worked example)","CGM-3000 Risk Management File (ISO 14971)"
"SEC-HAZ-014","T-49","BLE advertiser (runs as root)","Process","Produces clinical data used for decisions","T","Tampering","Clinical data at BLE advertiser (runs as root) can be altered or substituted","Broadcasts patient-linked data over the air. Confidentiality only here, but the process runs as root, so its compromise is a host compromise (CWE-250).","A clinician diagnoses or treats on wrong data: missed condition, unnecessary treatment, or the right treatment given to the wrong patient.","Minor — temporary injury, no professional intervention","Class B — non-serious injury possible","CRITICAL","","","Bind clinical data to patient identity cryptographically and verify it at the point of display. | Sign results at the source; verify signatures before a result is used clinically. | Detect and flag stale data rather than displaying a last-known value as current.","Payload is XOR'd rather than sent in the clear. But the key IS the device serial (low-entropy, static) which leaks from HL7 MSH-3 and cgm.conf -> trivially reversible. Obfuscation, not encryption. Service unit runs as root.","SEC-HAZ-007","CGM lab — GlucoSense CGM-3000 (worked example)","CGM-3000 Risk Management File (ISO 14971)"
"SEC-HAZ-015","T-50","BLE advertiser (runs as root)","Process","Produces clinical data used for decisions","D","Denial of service","Clinical data from BLE advertiser (runs as root) may be unavailable when a decision has to be made","Broadcasts patient-linked data over the air. Confidentiality only here, but the process runs as root, so its compromise is a host compromise (CWE-250).","Treatment is delayed, or a decision is made without information that was available yesterday.","Minor — temporary injury, no professional intervention","Class B — non-serious injury possible","HIGH","","","Define the downtime procedure and make sure clinicians have practised it. | Keep an independent, offline-capable copy of data needed for urgent care. | Cache the most recent values locally with an explicit staleness indicator.","Payload is XOR'd rather than sent in the clear. But the key IS the device serial (low-entropy, static) which leaks from HL7 MSH-3 and cgm.conf -> trivially reversible. Obfuscation, not encryption. Service unit runs as root.","SEC-HAZ-007","CGM lab — GlucoSense CGM-3000 (worked example)","CGM-3000 Risk Management File (ISO 14971)"
"SEC-HAZ-016","T-57","Bedside kiosk (Chromium / matchbox on DSI panel)","Process","Generates, carries or displays alarms","T","Tampering","Alarm conditions or thresholds at Bedside kiosk (Chromium / matchbox on DSI panel) can be tampered with","The bedside display is a clinician's at-a-glance view of glucose and alarms; if it is unlocked, frozen or shows the wrong patient, a low can be missed at the bedside.","A genuine deteriorating-patient alarm never reaches anyone, or false alarms are injected — driving alarm fatigue, desensitisation and unnecessary intervention.","Serious — injury needing professional intervention","Class B — non-serious injury possible","CRITICAL","","","Protect alarm limits and escalation configuration with integrity checks; treat a change to them as a clinical event, not a setting. | Sign alarm messages so a receiver can prove the alarm came from the device that raised it. | Restrict who can change alarm limits, and record every change with the identity that made it. | Annunciate locally at the device as well as remotely, so tampering with one path does not silence both.","PIN check is server-side now (not in the page source). But /kiosk/unlock has no rate limit, lockout or delay -> all 10,000 four-digit PINs in seconds, and it returns the flag with no session.","SEC-HAZ-008","CGM lab — GlucoSense CGM-3000 (worked example)","CGM-3000 Risk Management File (ISO 14971)"
"SEC-HAZ-017","T-58","Bedside kiosk (Chromium / matchbox on DSI panel)","Process","Generates, carries or displays alarms","D","Denial of service","Alarm delivery through Bedside kiosk (Chromium / matchbox on DSI panel) can be blocked, delayed or flooded","The bedside display is a clinician's at-a-glance view of glucose and alarms; if it is unlocked, frozen or shows the wrong patient, a low can be missed at the bedside.","Deterioration goes unnoticed because nobody was alerted in time, or the alert that mattered was lost among false ones.","Serious — injury needing professional intervention","Class B — non-serious injury possible","CRITICAL","","","Set and verify a maximum alarm annunciation delay end to end; monitor it in service. | Give alarm traffic its own prioritised, rate-limited path that ordinary traffic cannot starve. | Fail loud: if the alarm path cannot be confirmed available, raise a local technical alarm. | Keep an independent local annunciation that does not depend on the network at all.","PIN check is server-side now (not in the page source). But /kiosk/unlock has no rate limit, lockout or delay -> all 10,000 four-digit PINs in seconds, and it returns the flag with no session.","SEC-HAZ-008","CGM lab — GlucoSense CGM-3000 (worked example)","CGM-3000 Risk Management File (ISO 14971)"
"SEC-HAZ-018","T-59","Bedside kiosk (Chromium / matchbox on DSI panel)","Process","Generates, carries or displays alarms","S","Spoofing","Alarms carried by Bedside kiosk (Chromium / matchbox on DSI panel) cannot be shown to be genuine","The bedside display is a clinician's at-a-glance view of glucose and alarms; if it is unlocked, frozen or shows the wrong patient, a low can be missed at the bedside.","False alarms cause unnecessary and potentially harmful intervention and erode trust in the alarm system; a forged ""alarm cleared"" hides a real one.","Serious — injury needing professional intervention","Class B — non-serious injury possible","CRITICAL","","","Authenticate the alarm source; prefer per-device identity (certificates) over a shared credential. | Include device identity, patient context and a timestamp inside the signed alarm payload. | Reconcile remote alarm state against the device periodically instead of trusting the last message received.","PIN check is server-side now (not in the page source). But /kiosk/unlock has no rate limit, lockout or delay -> all 10,000 four-digit PINs in seconds, and it returns the flag with no session.","SEC-HAZ-008","CGM lab — GlucoSense CGM-3000 (worked example)","CGM-3000 Risk Management File (ISO 14971)"
"SEC-HAZ-019","T-60","Bedside kiosk (Chromium / matchbox on DSI panel)","Process","Generates, carries or displays alarms","R","Repudiation","Alarm history at Bedside kiosk (Chromium / matchbox on DSI panel) is not reliable evidence","The bedside display is a clinician's at-a-glance view of glucose and alarms; if it is unlocked, frozen or shows the wrong patient, a low can be missed at the bedside.","After an adverse event it cannot be established whether the alarm system worked, so a systemic alarm failure stays invisible and uncorrected.","Serious — injury needing professional intervention","Class B — non-serious injury possible","HIGH","","","Log every alarm raise, annunciate, acknowledge, silence and clear event with identity and timestamp. | Store alarm history where the clinical or service user cannot edit it, and synchronise clocks. | Review silenced and repeatedly-acknowledged alarms as a safety signal.","PIN check is server-side now (not in the page source). But /kiosk/unlock has no rate limit, lockout or delay -> all 10,000 four-digit PINs in seconds, and it returns the flag with no session.","SEC-HAZ-008","CGM lab — GlucoSense CGM-3000 (worked example)","CGM-3000 Risk Management File (ISO 14971)"
"SEC-HAZ-020","T-61","Bedside kiosk (Chromium / matchbox on DSI panel)","Process","Produces clinical data used for decisions","T","Tampering","Clinical data at Bedside kiosk (Chromium / matchbox on DSI panel) can be altered or substituted","The bedside display is a clinician's at-a-glance view of glucose and alarms; if it is unlocked, frozen or shows the wrong patient, a low can be missed at the bedside.","A clinician diagnoses or treats on wrong data: missed condition, unnecessary treatment, or the right treatment given to the wrong patient.","Serious — injury needing professional intervention","Class B — non-serious injury possible","CRITICAL","","","Bind clinical data to patient identity cryptographically and verify it at the point of display. | Sign results at the source; verify signatures before a result is used clinically. | Detect and flag stale data rather than displaying a last-known value as current.","PIN check is server-side now (not in the page source). But /kiosk/unlock has no rate limit, lockout or delay -> all 10,000 four-digit PINs in seconds, and it returns the flag with no session.","SEC-HAZ-008","CGM lab — GlucoSense CGM-3000 (worked example)","CGM-3000 Risk Management File (ISO 14971)"
"SEC-HAZ-021","T-62","Bedside kiosk (Chromium / matchbox on DSI panel)","Process","Produces clinical data used for decisions","D","Denial of service","Clinical data from Bedside kiosk (Chromium / matchbox on DSI panel) may be unavailable when a decision has to be made","The bedside display is a clinician's at-a-glance view of glucose and alarms; if it is unlocked, frozen or shows the wrong patient, a low can be missed at the bedside.","Treatment is delayed, or a decision is made without information that was available yesterday.","Serious — injury needing professional intervention","Class B — non-serious injury possible","CRITICAL","","","Define the downtime procedure and make sure clinicians have practised it. | Keep an independent, offline-capable copy of data needed for urgent care. | Cache the most recent values locally with an explicit staleness indicator.","PIN check is server-side now (not in the page source). But /kiosk/unlock has no rate limit, lockout or delay -> all 10,000 four-digit PINs in seconds, and it returns the flag with no session.","SEC-HAZ-008","CGM lab — GlucoSense CGM-3000 (worked example)","CGM-3000 Risk Management File (ISO 14971)"
"SEC-HAZ-022","T-63","Bedside kiosk (Chromium / matchbox on DSI panel)","Process","Needed for timely care delivery","D","Denial of service","Loss of Bedside kiosk (Chromium / matchbox on DSI panel) delays or prevents care","The bedside display is a clinician's at-a-glance view of glucose and alarms; if it is unlocked, frozen or shows the wrong patient, a low can be missed at the bedside.","Treatment is delayed or diverted; in a time-critical pathway that delay is itself the harm.","Serious — injury needing professional intervention","Class B — non-serious injury possible","HIGH","","","Agree the maximum tolerable downtime with the clinical service and design to it. | Provide a documented, rehearsed manual fallback that does not depend on the compromised system. | Segment the device network so an outage elsewhere in the hospital cannot take clinical care down with it.","PIN check is server-side now (not in the page source). But /kiosk/unlock has no rate limit, lockout or delay -> all 10,000 four-digit PINs in seconds, and it returns the flag with no session.","SEC-HAZ-008","CGM lab — GlucoSense CGM-3000 (worked example)","CGM-3000 Risk Management File (ISO 14971)"
"SEC-HAZ-023","T-94","Glucose telemetry (MQTT glucose/#, retained)","Data store","Produces clinical data used for decisions","T","Tampering","Clinical data at Glucose telemetry (MQTT glucose/#, retained) can be altered or substituted","The reading and alarm state a clinician or automated-delivery loop consumes. If it can be written with no integrity control, a fabricated 'in range' value hides a real low.","A clinician diagnoses or treats on wrong data: missed condition, unnecessary treatment, or the right treatment given to the wrong patient.","Critical — permanent impairment or life-threatening injury","Class C — death or serious injury possible","CRITICAL","","","Bind clinical data to patient identity cryptographically and verify it at the point of display. | Sign results at the source; verify signatures before a result is used clinically. | Detect and flag stale data rather than displaying a last-known value as current.","","SEC-HAZ-001, RC-011","CGM lab — GlucoSense CGM-3000 (worked example)","CGM-3000 Risk Management File (ISO 14971)"
"SEC-HAZ-024","T-95","Glucose telemetry (MQTT glucose/#, retained)","Data store","Produces clinical data used for decisions","D","Denial of service","Clinical data from Glucose telemetry (MQTT glucose/#, retained) may be unavailable when a decision has to be made","The reading and alarm state a clinician or automated-delivery loop consumes. If it can be written with no integrity control, a fabricated 'in range' value hides a real low.","Treatment is delayed, or a decision is made without information that was available yesterday.","Critical — permanent impairment or life-threatening injury","Class C — death or serious injury possible","CRITICAL","","","Define the downtime procedure and make sure clinicians have practised it. | Keep an independent, offline-capable copy of data needed for urgent care. | Cache the most recent values locally with an explicit staleness indicator.","","SEC-HAZ-001, RC-011","CGM lab — GlucoSense CGM-3000 (worked example)","CGM-3000 Risk Management File (ISO 14971)"
"SEC-HAZ-025","T-96","Glucose telemetry (MQTT glucose/#, retained)","Data store","Generates, carries or displays alarms","T","Tampering","Alarm conditions or thresholds at Glucose telemetry (MQTT glucose/#, retained) can be tampered with","The reading and alarm state a clinician or automated-delivery loop consumes. If it can be written with no integrity control, a fabricated 'in range' value hides a real low.","A genuine deteriorating-patient alarm never reaches anyone, or false alarms are injected — driving alarm fatigue, desensitisation and unnecessary intervention.","Critical — permanent impairment or life-threatening injury","Class C — death or serious injury possible","CRITICAL","","","Protect alarm limits and escalation configuration with integrity checks; treat a change to them as a clinical event, not a setting. | Sign alarm messages so a receiver can prove the alarm came from the device that raised it. | Restrict who can change alarm limits, and record every change with the identity that made it. | Annunciate locally at the device as well as remotely, so tampering with one path does not silence both.","","SEC-HAZ-001, RC-011","CGM lab — GlucoSense CGM-3000 (worked example)","CGM-3000 Risk Management File (ISO 14971)"
"SEC-HAZ-026","T-97","Glucose telemetry (MQTT glucose/#, retained)","Data store","Generates, carries or displays alarms","D","Denial of service","Alarm delivery through Glucose telemetry (MQTT glucose/#, retained) can be blocked, delayed or flooded","The reading and alarm state a clinician or automated-delivery loop consumes. If it can be written with no integrity control, a fabricated 'in range' value hides a real low.","Deterioration goes unnoticed because nobody was alerted in time, or the alert that mattered was lost among false ones.","Critical — permanent impairment or life-threatening injury","Class C — death or serious injury possible","CRITICAL","","","Set and verify a maximum alarm annunciation delay end to end; monitor it in service. | Give alarm traffic its own prioritised, rate-limited path that ordinary traffic cannot starve. | Fail loud: if the alarm path cannot be confirmed available, raise a local technical alarm. | Keep an independent local annunciation that does not depend on the network at all.","","SEC-HAZ-001, RC-011","CGM lab — GlucoSense CGM-3000 (worked example)","CGM-3000 Risk Management File (ISO 14971)"
"SEC-HAZ-027","T-98","Glucose telemetry (MQTT glucose/#, retained)","Data store","Generates, carries or displays alarms","R","Repudiation","Alarm history at Glucose telemetry (MQTT glucose/#, retained) is not reliable evidence","The reading and alarm state a clinician or automated-delivery loop consumes. If it can be written with no integrity control, a fabricated 'in range' value hides a real low.","After an adverse event it cannot be established whether the alarm system worked, so a systemic alarm failure stays invisible and uncorrected.","Critical — permanent impairment or life-threatening injury","Class C — death or serious injury possible","CRITICAL","","","Log every alarm raise, annunciate, acknowledge, silence and clear event with identity and timestamp. | Store alarm history where the clinical or service user cannot edit it, and synchronise clocks. | Review silenced and repeatedly-acknowledged alarms as a safety signal.","","SEC-HAZ-001, RC-011","CGM lab — GlucoSense CGM-3000 (worked example)","CGM-3000 Risk Management File (ISO 14971)"
"","","CGM sensor + BLE gateway","Entity","Produces clinical data used for decisions; Generates, carries or displays alarms","","","No security threat raised by the model","Source of truth for glucose and alarms; the value a forged reading has to be told apart from.","","Critical — permanent impairment or life-threatening injury","not set","","","","","","SEC-HAZ-001","CGM lab — GlucoSense CGM-3000 (worked example)","CGM-3000 Risk Management File (ISO 14971)"
"","","Hypo / hyper alarm path","Asset","Generates, carries or displays alarms; Controls or actuates therapy / diagnosis","","","No security threat raised by the model","If a real hypoglycaemia alarm is suppressed (by a forged reading or a frozen display), the last warning before harm is gone.","","Critical — permanent impairment or life-threatening injury","not set","","","","","","SEC-HAZ-001, RC-012","CGM lab — GlucoSense CGM-3000 (worked example)","CGM-3000 Risk Management File (ISO 14971)"
"SEC-HAZ-028","T-128","USB host ports (udev auto-mount)","Process","Generates, carries or displays alarms","T","Tampering","Alarm conditions or thresholds at USB host ports (udev auto-mount) can be tampered with","A USB device that types (BadUSB HID) is the bedside operator: it can silence alarms, edit thresholds in cgm.conf or kill the kiosk, and because the mount helper runs as root, removable media is also a path to persistent control of the alarm path. Nothing at the bedside tells a charging cable from an attack.","A genuine deteriorating-patient alarm never reaches anyone, or false alarms are injected — driving alarm fatigue, desensitisation and unnecessary intervention.","Critical — permanent impairment or life-threatening injury","Class C — death or serious injury possible","CRITICAL","","","Protect alarm limits and escalation configuration with integrity checks; treat a change to them as a clinical event, not a setting. | Sign alarm messages so a receiver can prove the alarm came from the device that raised it. | Restrict who can change alarm limits, and record every change with the identity that made it. | Annunciate locally at the device as well as remotely, so tampering with one path does not silence both.","The enclosure is closed with two screws. Nothing else: no port blockers, no USB device authorisation (usbguard) or HID allow-list, no encryption on the SD card to stop offline imaging, and the mount helper runs from a root udev rule.","SEC-HAZ-010","CGM lab — GlucoSense CGM-3000 (worked example)","CGM-3000 Risk Management File (ISO 14971)"
"SEC-HAZ-029","T-129","USB host ports (udev auto-mount)","Process","Generates, carries or displays alarms","D","Denial of service","Alarm delivery through USB host ports (udev auto-mount) can be blocked, delayed or flooded","A USB device that types (BadUSB HID) is the bedside operator: it can silence alarms, edit thresholds in cgm.conf or kill the kiosk, and because the mount helper runs as root, removable media is also a path to persistent control of the alarm path. Nothing at the bedside tells a charging cable from an attack.","Deterioration goes unnoticed because nobody was alerted in time, or the alert that mattered was lost among false ones.","Critical — permanent impairment or life-threatening injury","Class C — death or serious injury possible","CRITICAL","","","Set and verify a maximum alarm annunciation delay end to end; monitor it in service. | Give alarm traffic its own prioritised, rate-limited path that ordinary traffic cannot starve. | Fail loud: if the alarm path cannot be confirmed available, raise a local technical alarm. | Keep an independent local annunciation that does not depend on the network at all.","The enclosure is closed with two screws. Nothing else: no port blockers, no USB device authorisation (usbguard) or HID allow-list, no encryption on the SD card to stop offline imaging, and the mount helper runs from a root udev rule.","SEC-HAZ-010","CGM lab — GlucoSense CGM-3000 (worked example)","CGM-3000 Risk Management File (ISO 14971)"
"SEC-HAZ-030","T-130","USB host ports (udev auto-mount)","Process","Generates, carries or displays alarms","S","Spoofing","Alarms carried by USB host ports (udev auto-mount) cannot be shown to be genuine","A USB device that types (BadUSB HID) is the bedside operator: it can silence alarms, edit thresholds in cgm.conf or kill the kiosk, and because the mount helper runs as root, removable media is also a path to persistent control of the alarm path. Nothing at the bedside tells a charging cable from an attack.","False alarms cause unnecessary and potentially harmful intervention and erode trust in the alarm system; a forged ""alarm cleared"" hides a real one.","Critical — permanent impairment or life-threatening injury","Class C — death or serious injury possible","CRITICAL","","","Authenticate the alarm source; prefer per-device identity (certificates) over a shared credential. | Include device identity, patient context and a timestamp inside the signed alarm payload. | Reconcile remote alarm state against the device periodically instead of trusting the last message received.","The enclosure is closed with two screws. Nothing else: no port blockers, no USB device authorisation (usbguard) or HID allow-list, no encryption on the SD card to stop offline imaging, and the mount helper runs from a root udev rule.","SEC-HAZ-010","CGM lab — GlucoSense CGM-3000 (worked example)","CGM-3000 Risk Management File (ISO 14971)"
"SEC-HAZ-031","T-131","USB host ports (udev auto-mount)","Process","Generates, carries or displays alarms","R","Repudiation","Alarm history at USB host ports (udev auto-mount) is not reliable evidence","A USB device that types (BadUSB HID) is the bedside operator: it can silence alarms, edit thresholds in cgm.conf or kill the kiosk, and because the mount helper runs as root, removable media is also a path to persistent control of the alarm path. Nothing at the bedside tells a charging cable from an attack.","After an adverse event it cannot be established whether the alarm system worked, so a systemic alarm failure stays invisible and uncorrected.","Critical — permanent impairment or life-threatening injury","Class C — death or serious injury possible","CRITICAL","","","Log every alarm raise, annunciate, acknowledge, silence and clear event with identity and timestamp. | Store alarm history where the clinical or service user cannot edit it, and synchronise clocks. | Review silenced and repeatedly-acknowledged alarms as a safety signal.","The enclosure is closed with two screws. Nothing else: no port blockers, no USB device authorisation (usbguard) or HID allow-list, no encryption on the SD card to stop offline imaging, and the mount helper runs from a root udev rule.","SEC-HAZ-010","CGM lab — GlucoSense CGM-3000 (worked example)","CGM-3000 Risk Management File (ISO 14971)"
"SEC-HAZ-032","T-132","USB host ports (udev auto-mount)","Process","Needed for timely care delivery","D","Denial of service","Loss of USB host ports (udev auto-mount) delays or prevents care","A USB device that types (BadUSB HID) is the bedside operator: it can silence alarms, edit thresholds in cgm.conf or kill the kiosk, and because the mount helper runs as root, removable media is also a path to persistent control of the alarm path. Nothing at the bedside tells a charging cable from an attack.","Treatment is delayed or diverted; in a time-critical pathway that delay is itself the harm.","Critical — permanent impairment or life-threatening injury","Class C — death or serious injury possible","CRITICAL","","","Agree the maximum tolerable downtime with the clinical service and design to it. | Provide a documented, rehearsed manual fallback that does not depend on the compromised system. | Segment the device network so an outage elsewhere in the hospital cannot take clinical care down with it.","The enclosure is closed with two screws. Nothing else: no port blockers, no USB device authorisation (usbguard) or HID allow-list, no encryption on the SD card to stop offline imaging, and the mount helper runs from a root udev rule.","SEC-HAZ-010","CGM lab — GlucoSense CGM-3000 (worked example)","CGM-3000 Risk Management File (ISO 14971)"
"SEC-HAZ-033","T-142","Bluetooth stack (BlueZ / bluetoothd, root)","Process","Produces clinical data used for decisions","T","Tampering","Clinical data at Bluetooth stack (BlueZ / bluetoothd, root) can be altered or substituted","A keyboard paired from the corridor is an unauthenticated console at the bedside, a rogue GATT client can read the patient-linked advertisement, and flooding the controller drops the sensor link — so glucose stops updating and the hypo alarm never annunciates.","A clinician diagnoses or treats on wrong data: missed condition, unnecessary treatment, or the right treatment given to the wrong patient.","Critical — permanent impairment or life-threatening injury","Class C — death or serious injury possible","CRITICAL","","","Bind clinical data to patient identity cryptographically and verify it at the point of display. | Sign results at the source; verify signatures before a result is used clinically. | Detect and flag stale data rather than displaying a last-known value as current.","Nothing hardens it. bluetoothd runs as root over D-Bus, the controller is left discoverable, pairing is Just Works with no confirmation on the panel, and no allow-list limits which HID or GATT peer may connect — so hcitool, bluetoothctl and gatttool from any laptop in range all reach it.","SEC-HAZ-011","CGM lab — GlucoSense CGM-3000 (worked example)","CGM-3000 Risk Management File (ISO 14971)"
"SEC-HAZ-034","T-143","Bluetooth stack (BlueZ / bluetoothd, root)","Process","Produces clinical data used for decisions","D","Denial of service","Clinical data from Bluetooth stack (BlueZ / bluetoothd, root) may be unavailable when a decision has to be made","A keyboard paired from the corridor is an unauthenticated console at the bedside, a rogue GATT client can read the patient-linked advertisement, and flooding the controller drops the sensor link — so glucose stops updating and the hypo alarm never annunciates.","Treatment is delayed, or a decision is made without information that was available yesterday.","Critical — permanent impairment or life-threatening injury","Class C — death or serious injury possible","CRITICAL","","","Define the downtime procedure and make sure clinicians have practised it. | Keep an independent, offline-capable copy of data needed for urgent care. | Cache the most recent values locally with an explicit staleness indicator.","Nothing hardens it. bluetoothd runs as root over D-Bus, the controller is left discoverable, pairing is Just Works with no confirmation on the panel, and no allow-list limits which HID or GATT peer may connect — so hcitool, bluetoothctl and gatttool from any laptop in range all reach it.","SEC-HAZ-011","CGM lab — GlucoSense CGM-3000 (worked example)","CGM-3000 Risk Management File (ISO 14971)"
"SEC-HAZ-035","T-144","Bluetooth stack (BlueZ / bluetoothd, root)","Process","Generates, carries or displays alarms","T","Tampering","Alarm conditions or thresholds at Bluetooth stack (BlueZ / bluetoothd, root) can be tampered with","A keyboard paired from the corridor is an unauthenticated console at the bedside, a rogue GATT client can read the patient-linked advertisement, and flooding the controller drops the sensor link — so glucose stops updating and the hypo alarm never annunciates.","A genuine deteriorating-patient alarm never reaches anyone, or false alarms are injected — driving alarm fatigue, desensitisation and unnecessary intervention.","Critical — permanent impairment or life-threatening injury","Class C — death or serious injury possible","CRITICAL","","","Protect alarm limits and escalation configuration with integrity checks; treat a change to them as a clinical event, not a setting. | Sign alarm messages so a receiver can prove the alarm came from the device that raised it. | Restrict who can change alarm limits, and record every change with the identity that made it. | Annunciate locally at the device as well as remotely, so tampering with one path does not silence both.","Nothing hardens it. bluetoothd runs as root over D-Bus, the controller is left discoverable, pairing is Just Works with no confirmation on the panel, and no allow-list limits which HID or GATT peer may connect — so hcitool, bluetoothctl and gatttool from any laptop in range all reach it.","SEC-HAZ-011","CGM lab — GlucoSense CGM-3000 (worked example)","CGM-3000 Risk Management File (ISO 14971)"
"SEC-HAZ-036","T-145","Bluetooth stack (BlueZ / bluetoothd, root)","Process","Generates, carries or displays alarms","D","Denial of service","Alarm delivery through Bluetooth stack (BlueZ / bluetoothd, root) can be blocked, delayed or flooded","A keyboard paired from the corridor is an unauthenticated console at the bedside, a rogue GATT client can read the patient-linked advertisement, and flooding the controller drops the sensor link — so glucose stops updating and the hypo alarm never annunciates.","Deterioration goes unnoticed because nobody was alerted in time, or the alert that mattered was lost among false ones.","Critical — permanent impairment or life-threatening injury","Class C — death or serious injury possible","CRITICAL","","","Set and verify a maximum alarm annunciation delay end to end; monitor it in service. | Give alarm traffic its own prioritised, rate-limited path that ordinary traffic cannot starve. | Fail loud: if the alarm path cannot be confirmed available, raise a local technical alarm. | Keep an independent local annunciation that does not depend on the network at all.","Nothing hardens it. bluetoothd runs as root over D-Bus, the controller is left discoverable, pairing is Just Works with no confirmation on the panel, and no allow-list limits which HID or GATT peer may connect — so hcitool, bluetoothctl and gatttool from any laptop in range all reach it.","SEC-HAZ-011","CGM lab — GlucoSense CGM-3000 (worked example)","CGM-3000 Risk Management File (ISO 14971)"
"SEC-HAZ-037","T-146","Bluetooth stack (BlueZ / bluetoothd, root)","Process","Generates, carries or displays alarms","S","Spoofing","Alarms carried by Bluetooth stack (BlueZ / bluetoothd, root) cannot be shown to be genuine","A keyboard paired from the corridor is an unauthenticated console at the bedside, a rogue GATT client can read the patient-linked advertisement, and flooding the controller drops the sensor link — so glucose stops updating and the hypo alarm never annunciates.","False alarms cause unnecessary and potentially harmful intervention and erode trust in the alarm system; a forged ""alarm cleared"" hides a real one.","Critical — permanent impairment or life-threatening injury","Class C — death or serious injury possible","CRITICAL","","","Authenticate the alarm source; prefer per-device identity (certificates) over a shared credential. | Include device identity, patient context and a timestamp inside the signed alarm payload. | Reconcile remote alarm state against the device periodically instead of trusting the last message received.","Nothing hardens it. bluetoothd runs as root over D-Bus, the controller is left discoverable, pairing is Just Works with no confirmation on the panel, and no allow-list limits which HID or GATT peer may connect — so hcitool, bluetoothctl and gatttool from any laptop in range all reach it.","SEC-HAZ-011","CGM lab — GlucoSense CGM-3000 (worked example)","CGM-3000 Risk Management File (ISO 14971)"
"SEC-HAZ-038","T-147","Bluetooth stack (BlueZ / bluetoothd, root)","Process","Generates, carries or displays alarms","R","Repudiation","Alarm history at Bluetooth stack (BlueZ / bluetoothd, root) is not reliable evidence","A keyboard paired from the corridor is an unauthenticated console at the bedside, a rogue GATT client can read the patient-linked advertisement, and flooding the controller drops the sensor link — so glucose stops updating and the hypo alarm never annunciates.","After an adverse event it cannot be established whether the alarm system worked, so a systemic alarm failure stays invisible and uncorrected.","Critical — permanent impairment or life-threatening injury","Class C — death or serious injury possible","CRITICAL","","","Log every alarm raise, annunciate, acknowledge, silence and clear event with identity and timestamp. | Store alarm history where the clinical or service user cannot edit it, and synchronise clocks. | Review silenced and repeatedly-acknowledged alarms as a safety signal.","Nothing hardens it. bluetoothd runs as root over D-Bus, the controller is left discoverable, pairing is Just Works with no confirmation on the panel, and no allow-list limits which HID or GATT peer may connect — so hcitool, bluetoothctl and gatttool from any laptop in range all reach it.","SEC-HAZ-011","CGM lab — GlucoSense CGM-3000 (worked example)","CGM-3000 Risk Management File (ISO 14971)"
"SEC-HAZ-039","T-154","Touchscreen HMI (DSI panel + libinput)","Process","Generates, carries or displays alarms","T","Tampering","Alarm conditions or thresholds at Touchscreen HMI (DSI panel + libinput) can be tampered with","This panel is where a hypo alarm is seen at the bedside. Left on another screen, frozen, dimmed, unlocked by PIN guessing or driven by an injected input device, the alarm is annunciated to nobody and the low is missed. It also shows the patient's name and readings to whoever is standing in the bay.","A genuine deteriorating-patient alarm never reaches anyone, or false alarms are injected — driving alarm fatigue, desensitisation and unnecessary intervention.","Serious — injury needing professional intervention","Class B — non-serious injury possible","CRITICAL","","","Protect alarm limits and escalation configuration with integrity checks; treat a change to them as a clinical event, not a setting. | Sign alarm messages so a receiver can prove the alarm came from the device that raised it. | Restrict who can change alarm limits, and record every change with the identity that made it. | Annunciate locally at the device as well as remotely, so tampering with one path does not silence both.","None worth the name. The panel has no screen lock and no inactivity timeout, so any touch goes straight into the kiosk; long-press and multi-touch still reach the Chromium context menu and the on-screen keyboard, which makes the panel a general purpose input device rather than a fixed display.","SEC-HAZ-012","CGM lab — GlucoSense CGM-3000 (worked example)","CGM-3000 Risk Management File (ISO 14971)"
"SEC-HAZ-040","T-155","Touchscreen HMI (DSI panel + libinput)","Process","Generates, carries or displays alarms","D","Denial of service","Alarm delivery through Touchscreen HMI (DSI panel + libinput) can be blocked, delayed or flooded","This panel is where a hypo alarm is seen at the bedside. Left on another screen, frozen, dimmed, unlocked by PIN guessing or driven by an injected input device, the alarm is annunciated to nobody and the low is missed. It also shows the patient's name and readings to whoever is standing in the bay.","Deterioration goes unnoticed because nobody was alerted in time, or the alert that mattered was lost among false ones.","Serious — injury needing professional intervention","Class B — non-serious injury possible","CRITICAL","","","Set and verify a maximum alarm annunciation delay end to end; monitor it in service. | Give alarm traffic its own prioritised, rate-limited path that ordinary traffic cannot starve. | Fail loud: if the alarm path cannot be confirmed available, raise a local technical alarm. | Keep an independent local annunciation that does not depend on the network at all.","None worth the name. The panel has no screen lock and no inactivity timeout, so any touch goes straight into the kiosk; long-press and multi-touch still reach the Chromium context menu and the on-screen keyboard, which makes the panel a general purpose input device rather than a fixed display.","SEC-HAZ-012","CGM lab — GlucoSense CGM-3000 (worked example)","CGM-3000 Risk Management File (ISO 14971)"
"SEC-HAZ-041","T-156","Touchscreen HMI (DSI panel + libinput)","Process","Generates, carries or displays alarms","S","Spoofing","Alarms carried by Touchscreen HMI (DSI panel + libinput) cannot be shown to be genuine","This panel is where a hypo alarm is seen at the bedside. Left on another screen, frozen, dimmed, unlocked by PIN guessing or driven by an injected input device, the alarm is annunciated to nobody and the low is missed. It also shows the patient's name and readings to whoever is standing in the bay.","False alarms cause unnecessary and potentially harmful intervention and erode trust in the alarm system; a forged ""alarm cleared"" hides a real one.","Serious — injury needing professional intervention","Class B — non-serious injury possible","CRITICAL","","","Authenticate the alarm source; prefer per-device identity (certificates) over a shared credential. | Include device identity, patient context and a timestamp inside the signed alarm payload. | Reconcile remote alarm state against the device periodically instead of trusting the last message received.","None worth the name. The panel has no screen lock and no inactivity timeout, so any touch goes straight into the kiosk; long-press and multi-touch still reach the Chromium context menu and the on-screen keyboard, which makes the panel a general purpose input device rather than a fixed display.","SEC-HAZ-012","CGM lab — GlucoSense CGM-3000 (worked example)","CGM-3000 Risk Management File (ISO 14971)"
"SEC-HAZ-042","T-157","Touchscreen HMI (DSI panel + libinput)","Process","Generates, carries or displays alarms","R","Repudiation","Alarm history at Touchscreen HMI (DSI panel + libinput) is not reliable evidence","This panel is where a hypo alarm is seen at the bedside. Left on another screen, frozen, dimmed, unlocked by PIN guessing or driven by an injected input device, the alarm is annunciated to nobody and the low is missed. It also shows the patient's name and readings to whoever is standing in the bay.","After an adverse event it cannot be established whether the alarm system worked, so a systemic alarm failure stays invisible and uncorrected.","Serious — injury needing professional intervention","Class B — non-serious injury possible","HIGH","","","Log every alarm raise, annunciate, acknowledge, silence and clear event with identity and timestamp. | Store alarm history where the clinical or service user cannot edit it, and synchronise clocks. | Review silenced and repeatedly-acknowledged alarms as a safety signal.","None worth the name. The panel has no screen lock and no inactivity timeout, so any touch goes straight into the kiosk; long-press and multi-touch still reach the Chromium context menu and the on-screen keyboard, which makes the panel a general purpose input device rather than a fixed display.","SEC-HAZ-012","CGM lab — GlucoSense CGM-3000 (worked example)","CGM-3000 Risk Management File (ISO 14971)"
"SEC-HAZ-043","T-158","Touchscreen HMI (DSI panel + libinput)","Process","Produces clinical data used for decisions","T","Tampering","Clinical data at Touchscreen HMI (DSI panel + libinput) can be altered or substituted","This panel is where a hypo alarm is seen at the bedside. Left on another screen, frozen, dimmed, unlocked by PIN guessing or driven by an injected input device, the alarm is annunciated to nobody and the low is missed. It also shows the patient's name and readings to whoever is standing in the bay.","A clinician diagnoses or treats on wrong data: missed condition, unnecessary treatment, or the right treatment given to the wrong patient.","Serious — injury needing professional intervention","Class B — non-serious injury possible","CRITICAL","","","Bind clinical data to patient identity cryptographically and verify it at the point of display. | Sign results at the source; verify signatures before a result is used clinically. | Detect and flag stale data rather than displaying a last-known value as current.","None worth the name. The panel has no screen lock and no inactivity timeout, so any touch goes straight into the kiosk; long-press and multi-touch still reach the Chromium context menu and the on-screen keyboard, which makes the panel a general purpose input device rather than a fixed display.","SEC-HAZ-012","CGM lab — GlucoSense CGM-3000 (worked example)","CGM-3000 Risk Management File (ISO 14971)"
"SEC-HAZ-044","T-159","Touchscreen HMI (DSI panel + libinput)","Process","Produces clinical data used for decisions","D","Denial of service","Clinical data from Touchscreen HMI (DSI panel + libinput) may be unavailable when a decision has to be made","This panel is where a hypo alarm is seen at the bedside. Left on another screen, frozen, dimmed, unlocked by PIN guessing or driven by an injected input device, the alarm is annunciated to nobody and the low is missed. It also shows the patient's name and readings to whoever is standing in the bay.","Treatment is delayed, or a decision is made without information that was available yesterday.","Serious — injury needing professional intervention","Class B — non-serious injury possible","CRITICAL","","","Define the downtime procedure and make sure clinicians have practised it. | Keep an independent, offline-capable copy of data needed for urgent care. | Cache the most recent values locally with an explicit staleness indicator.","None worth the name. The panel has no screen lock and no inactivity timeout, so any touch goes straight into the kiosk; long-press and multi-touch still reach the Chromium context menu and the on-screen keyboard, which makes the panel a general purpose input device rather than a fixed display.","SEC-HAZ-012","CGM lab — GlucoSense CGM-3000 (worked example)","CGM-3000 Risk Management File (ISO 14971)"
"SEC-HAZ-045","T-160","Touchscreen HMI (DSI panel + libinput)","Process","Needed for timely care delivery","D","Denial of service","Loss of Touchscreen HMI (DSI panel + libinput) delays or prevents care","This panel is where a hypo alarm is seen at the bedside. Left on another screen, frozen, dimmed, unlocked by PIN guessing or driven by an injected input device, the alarm is annunciated to nobody and the low is missed. It also shows the patient's name and readings to whoever is standing in the bay.","Treatment is delayed or diverted; in a time-critical pathway that delay is itself the harm.","Serious — injury needing professional intervention","Class B — non-serious injury possible","HIGH","","","Agree the maximum tolerable downtime with the clinical service and design to it. | Provide a documented, rehearsed manual fallback that does not depend on the compromised system. | Segment the device network so an outage elsewhere in the hospital cannot take clinical care down with it.","None worth the name. The panel has no screen lock and no inactivity timeout, so any touch goes straight into the kiosk; long-press and multi-touch still reach the Chromium context menu and the on-screen keyboard, which makes the panel a general purpose input device rather than a fixed display.","SEC-HAZ-012","CGM lab — GlucoSense CGM-3000 (worked example)","CGM-3000 Risk Management File (ISO 14971)"
"SEC-HAZ-046","T-173","Console session","Data flow","Produces clinical data used for decisions","T","Tampering","Clinical data at Console session can be altered or substituted","Measurements, images, results or the patient identity attached to them can be modified through Console session, or the data of one patient can be presented as another's, without the clinician being able to detect it.","A clinician diagnoses or treats on wrong data: missed condition, unnecessary treatment, or the right treatment given to the wrong patient.","Serious — injury needing professional intervention","not set","CRITICAL","","","Bind clinical data to patient identity cryptographically and verify it at the point of display. | Sign results at the source; verify signatures before a result is used clinically. | Detect and flag stale data rather than displaying a last-known value as current.","","SEC-HAZ-002","CGM lab — GlucoSense CGM-3000 (worked example)","CGM-3000 Risk Management File (ISO 14971)"
"SEC-HAZ-047","T-174","Console session","Data flow","Produces clinical data used for decisions","D","Denial of service","Clinical data from Console session may be unavailable when a decision has to be made","An attack, an outage or a ransomware event makes Console session unavailable at the moment a clinician needs the data it holds or carries.","Treatment is delayed, or a decision is made without information that was available yesterday.","Serious — injury needing professional intervention","not set","CRITICAL","","","Define the downtime procedure and make sure clinicians have practised it. | Keep an independent, offline-capable copy of data needed for urgent care. | Cache the most recent values locally with an explicit staleness indicator.","","SEC-HAZ-002","CGM lab — GlucoSense CGM-3000 (worked example)","CGM-3000 Risk Management File (ISO 14971)"
"SEC-HAZ-048","T-181","Bedside interaction","Data flow","Generates, carries or displays alarms","T","Tampering","Alarm conditions or thresholds at Bedside interaction can be tampered with","Alarm limits, priorities, escalation rules or the alarm messages themselves can be modified through Bedside interaction. An alarm can be silenced, downgraded, re-routed or fabricated, and the clinical team sees the altered state as the truth.","A genuine deteriorating-patient alarm never reaches anyone, or false alarms are injected — driving alarm fatigue, desensitisation and unnecessary intervention.","Serious — injury needing professional intervention","not set","CRITICAL","","","Protect alarm limits and escalation configuration with integrity checks; treat a change to them as a clinical event, not a setting. | Sign alarm messages so a receiver can prove the alarm came from the device that raised it. | Restrict who can change alarm limits, and record every change with the identity that made it. | Annunciate locally at the device as well as remotely, so tampering with one path does not silence both.","","SEC-HAZ-008","CGM lab — GlucoSense CGM-3000 (worked example)","CGM-3000 Risk Management File (ISO 14971)"
"SEC-HAZ-049","T-182","Bedside interaction","Data flow","Generates, carries or displays alarms","D","Denial of service","Alarm delivery through Bedside interaction can be blocked, delayed or flooded","An attacker floods, exhausts or simply cuts Bedside interaction, so alarms are queued, dropped or delayed past the point where they are clinically useful. The inverse is equally dangerous: a flood of injected alarms buries the real one.","Deterioration goes unnoticed because nobody was alerted in time, or the alert that mattered was lost among false ones.","Serious — injury needing professional intervention","not set","CRITICAL","","","Set and verify a maximum alarm annunciation delay end to end; monitor it in service. | Give alarm traffic its own prioritised, rate-limited path that ordinary traffic cannot starve. | Fail loud: if the alarm path cannot be confirmed available, raise a local technical alarm. | Keep an independent local annunciation that does not depend on the network at all.","","SEC-HAZ-008","CGM lab — GlucoSense CGM-3000 (worked example)","CGM-3000 Risk Management File (ISO 14971)"
"SEC-HAZ-050","T-183","Bedside interaction","Data flow","Produces clinical data used for decisions","T","Tampering","Clinical data at Bedside interaction can be altered or substituted","Measurements, images, results or the patient identity attached to them can be modified through Bedside interaction, or the data of one patient can be presented as another's, without the clinician being able to detect it.","A clinician diagnoses or treats on wrong data: missed condition, unnecessary treatment, or the right treatment given to the wrong patient.","Serious — injury needing professional intervention","not set","CRITICAL","","","Bind clinical data to patient identity cryptographically and verify it at the point of display. | Sign results at the source; verify signatures before a result is used clinically. | Detect and flag stale data rather than displaying a last-known value as current.","","SEC-HAZ-008","CGM lab — GlucoSense CGM-3000 (worked example)","CGM-3000 Risk Management File (ISO 14971)"
"SEC-HAZ-051","T-184","Bedside interaction","Data flow","Produces clinical data used for decisions","D","Denial of service","Clinical data from Bedside interaction may be unavailable when a decision has to be made","An attack, an outage or a ransomware event makes Bedside interaction unavailable at the moment a clinician needs the data it holds or carries.","Treatment is delayed, or a decision is made without information that was available yesterday.","Serious — injury needing professional intervention","not set","CRITICAL","","","Define the downtime procedure and make sure clinicians have practised it. | Keep an independent, offline-capable copy of data needed for urgent care. | Cache the most recent values locally with an explicit staleness indicator.","","SEC-HAZ-008","CGM lab — GlucoSense CGM-3000 (worked example)","CGM-3000 Risk Management File (ISO 14971)"
"SEC-HAZ-052","T-191","HL7 v2 query / result (MLLP)","Data flow","Produces clinical data used for decisions","T","Tampering","Clinical data at HL7 v2 query / result (MLLP) can be altered or substituted","Measurements, images, results or the patient identity attached to them can be modified through HL7 v2 query / result (MLLP), or the data of one patient can be presented as another's, without the clinician being able to detect it.","A clinician diagnoses or treats on wrong data: missed condition, unnecessary treatment, or the right treatment given to the wrong patient.","Minor — temporary injury, no professional intervention","not set","CRITICAL","","","Bind clinical data to patient identity cryptographically and verify it at the point of display. | Sign results at the source; verify signatures before a result is used clinically. | Detect and flag stale data rather than displaying a last-known value as current.","","SEC-HAZ-005","CGM lab — GlucoSense CGM-3000 (worked example)","CGM-3000 Risk Management File (ISO 14971)"
"SEC-HAZ-053","T-192","HL7 v2 query / result (MLLP)","Data flow","Produces clinical data used for decisions","D","Denial of service","Clinical data from HL7 v2 query / result (MLLP) may be unavailable when a decision has to be made","An attack, an outage or a ransomware event makes HL7 v2 query / result (MLLP) unavailable at the moment a clinician needs the data it holds or carries.","Treatment is delayed, or a decision is made without information that was available yesterday.","Minor — temporary injury, no professional intervention","not set","CRITICAL","","","Define the downtime procedure and make sure clinicians have practised it. | Keep an independent, offline-capable copy of data needed for urgent care. | Cache the most recent values locally with an explicit staleness indicator.","","SEC-HAZ-005","CGM lab — GlucoSense CGM-3000 (worked example)","CGM-3000 Risk Management File (ISO 14971)"
"SEC-HAZ-054","T-205","Legitimate glucose publish","Data flow","Produces clinical data used for decisions","T","Tampering","Clinical data at Legitimate glucose publish can be altered or substituted","Measurements, images, results or the patient identity attached to them can be modified through Legitimate glucose publish, or the data of one patient can be presented as another's, without the clinician being able to detect it.","A clinician diagnoses or treats on wrong data: missed condition, unnecessary treatment, or the right treatment given to the wrong patient.","Critical — permanent impairment or life-threatening injury","not set","CRITICAL","","","Bind clinical data to patient identity cryptographically and verify it at the point of display. | Sign results at the source; verify signatures before a result is used clinically. | Detect and flag stale data rather than displaying a last-known value as current.","","SEC-HAZ-001","CGM lab — GlucoSense CGM-3000 (worked example)","CGM-3000 Risk Management File (ISO 14971)"
"SEC-HAZ-055","T-206","Legitimate glucose publish","Data flow","Produces clinical data used for decisions","D","Denial of service","Clinical data from Legitimate glucose publish may be unavailable when a decision has to be made","An attack, an outage or a ransomware event makes Legitimate glucose publish unavailable at the moment a clinician needs the data it holds or carries.","Treatment is delayed, or a decision is made without information that was available yesterday.","Critical — permanent impairment or life-threatening injury","not set","CRITICAL","","","Define the downtime procedure and make sure clinicians have practised it. | Keep an independent, offline-capable copy of data needed for urgent care. | Cache the most recent values locally with an explicit staleness indicator.","","SEC-HAZ-001","CGM lab — GlucoSense CGM-3000 (worked example)","CGM-3000 Risk Management File (ISO 14971)"
"SEC-HAZ-056","T-207","Legitimate glucose publish","Data flow","Generates, carries or displays alarms","T","Tampering","Alarm conditions or thresholds at Legitimate glucose publish can be tampered with","Alarm limits, priorities, escalation rules or the alarm messages themselves can be modified through Legitimate glucose publish. An alarm can be silenced, downgraded, re-routed or fabricated, and the clinical team sees the altered state as the truth.","A genuine deteriorating-patient alarm never reaches anyone, or false alarms are injected — driving alarm fatigue, desensitisation and unnecessary intervention.","Critical — permanent impairment or life-threatening injury","not set","CRITICAL","","","Protect alarm limits and escalation configuration with integrity checks; treat a change to them as a clinical event, not a setting. | Sign alarm messages so a receiver can prove the alarm came from the device that raised it. | Restrict who can change alarm limits, and record every change with the identity that made it. | Annunciate locally at the device as well as remotely, so tampering with one path does not silence both.","","SEC-HAZ-001","CGM lab — GlucoSense CGM-3000 (worked example)","CGM-3000 Risk Management File (ISO 14971)"
"SEC-HAZ-057","T-208","Legitimate glucose publish","Data flow","Generates, carries or displays alarms","D","Denial of service","Alarm delivery through Legitimate glucose publish can be blocked, delayed or flooded","An attacker floods, exhausts or simply cuts Legitimate glucose publish, so alarms are queued, dropped or delayed past the point where they are clinically useful. The inverse is equally dangerous: a flood of injected alarms buries the real one.","Deterioration goes unnoticed because nobody was alerted in time, or the alert that mattered was lost among false ones.","Critical — permanent impairment or life-threatening injury","not set","CRITICAL","","","Set and verify a maximum alarm annunciation delay end to end; monitor it in service. | Give alarm traffic its own prioritised, rate-limited path that ordinary traffic cannot starve. | Fail loud: if the alarm path cannot be confirmed available, raise a local technical alarm. | Keep an independent local annunciation that does not depend on the network at all.","","SEC-HAZ-001","CGM lab — GlucoSense CGM-3000 (worked example)","CGM-3000 Risk Management File (ISO 14971)"
"SEC-HAZ-058","T-218","Forged-reading injection","Data flow","Controls or actuates therapy / diagnosis","T","Tampering","Therapy parameters handled by Forged-reading injection can be altered without detection","Dose, rate, duration, energy or programme values passing through Forged-reading injection can be modified — in transit, at rest, or by malformed input the code accepts — and neither the device nor the clinician can tell the value is not the one that was prescribed.","The patient receives an over-dose, under-dose or wrong therapy while the display and records show the intended value.","Critical — permanent impairment or life-threatening injury","not set","CRITICAL","","","Sign or MAC therapy parameters end to end, and verify at the point of actuation rather than at the gateway. | Range-check every parameter against clinically safe limits at the device, independently of whatever sent it. | Cross-check the value actually being delivered against the value that was prescribed, and alarm on divergence.","","SEC-HAZ-001, RC-011, RC-012","CGM lab — GlucoSense CGM-3000 (worked example)","CGM-3000 Risk Management File (ISO 14971)"
"SEC-HAZ-059","T-219","Forged-reading injection","Data flow","Controls or actuates therapy / diagnosis","D","Denial of service","Loss of Forged-reading injection removes control of therapy","Flooding, resource exhaustion or an unavailable dependency stops Forged-reading injection responding. Therapy cannot be started, adjusted or — the case people forget — stopped, and the clinician may not be told that control has been lost.","Therapy is interrupted, continues when it should have been stopped, or cannot be titrated while the patient deteriorates.","Critical — permanent impairment or life-threatening injury","not set","CRITICAL","","","Define and implement the safe state the device falls back to when its controller is unreachable, and test it. | Keep therapy control functional and locally overridable when the network, server or cloud is unavailable. | Rate limit and prioritise control traffic ahead of telemetry, logging and updates. | Alarm on loss of control communication rather than failing silently.","","SEC-HAZ-001, RC-011, RC-012","CGM lab — GlucoSense CGM-3000 (worked example)","CGM-3000 Risk Management File (ISO 14971)"
"SEC-HAZ-060","T-220","Forged-reading injection","Data flow","Generates, carries or displays alarms","T","Tampering","Alarm conditions or thresholds at Forged-reading injection can be tampered with","Alarm limits, priorities, escalation rules or the alarm messages themselves can be modified through Forged-reading injection. An alarm can be silenced, downgraded, re-routed or fabricated, and the clinical team sees the altered state as the truth.","A genuine deteriorating-patient alarm never reaches anyone, or false alarms are injected — driving alarm fatigue, desensitisation and unnecessary intervention.","Critical — permanent impairment or life-threatening injury","not set","CRITICAL","","","Protect alarm limits and escalation configuration with integrity checks; treat a change to them as a clinical event, not a setting. | Sign alarm messages so a receiver can prove the alarm came from the device that raised it. | Restrict who can change alarm limits, and record every change with the identity that made it. | Annunciate locally at the device as well as remotely, so tampering with one path does not silence both.","","SEC-HAZ-001, RC-011, RC-012","CGM lab — GlucoSense CGM-3000 (worked example)","CGM-3000 Risk Management File (ISO 14971)"
"SEC-HAZ-061","T-221","Forged-reading injection","Data flow","Generates, carries or displays alarms","D","Denial of service","Alarm delivery through Forged-reading injection can be blocked, delayed or flooded","An attacker floods, exhausts or simply cuts Forged-reading injection, so alarms are queued, dropped or delayed past the point where they are clinically useful. The inverse is equally dangerous: a flood of injected alarms buries the real one.","Deterioration goes unnoticed because nobody was alerted in time, or the alert that mattered was lost among false ones.","Critical — permanent impairment or life-threatening injury","not set","CRITICAL","","","Set and verify a maximum alarm annunciation delay end to end; monitor it in service. | Give alarm traffic its own prioritised, rate-limited path that ordinary traffic cannot starve. | Fail loud: if the alarm path cannot be confirmed available, raise a local technical alarm. | Keep an independent local annunciation that does not depend on the network at all.","","SEC-HAZ-001, RC-011, RC-012","CGM lab — GlucoSense CGM-3000 (worked example)","CGM-3000 Risk Management File (ISO 14971)"
"SEC-HAZ-062","T-222","Forged-reading injection","Data flow","Produces clinical data used for decisions","T","Tampering","Clinical data at Forged-reading injection can be altered or substituted","Measurements, images, results or the patient identity attached to them can be modified through Forged-reading injection, or the data of one patient can be presented as another's, without the clinician being able to detect it.","A clinician diagnoses or treats on wrong data: missed condition, unnecessary treatment, or the right treatment given to the wrong patient.","Critical — permanent impairment or life-threatening injury","not set","CRITICAL","","","Bind clinical data to patient identity cryptographically and verify it at the point of display. | Sign results at the source; verify signatures before a result is used clinically. | Detect and flag stale data rather than displaying a last-known value as current.","","SEC-HAZ-001, RC-011, RC-012","CGM lab — GlucoSense CGM-3000 (worked example)","CGM-3000 Risk Management File (ISO 14971)"
"SEC-HAZ-063","T-223","Forged-reading injection","Data flow","Produces clinical data used for decisions","D","Denial of service","Clinical data from Forged-reading injection may be unavailable when a decision has to be made","An attack, an outage or a ransomware event makes Forged-reading injection unavailable at the moment a clinician needs the data it holds or carries.","Treatment is delayed, or a decision is made without information that was available yesterday.","Critical — permanent impairment or life-threatening injury","not set","CRITICAL","","","Define the downtime procedure and make sure clinicians have practised it. | Keep an independent, offline-capable copy of data needed for urgent care. | Cache the most recent values locally with an explicit staleness indicator.","","SEC-HAZ-001, RC-011, RC-012","CGM lab — GlucoSense CGM-3000 (worked example)","CGM-3000 Risk Management File (ISO 14971)"
"SEC-HAZ-064","T-227","Bedside display feed","Data flow","Generates, carries or displays alarms","T","Tampering","Alarm conditions or thresholds at Bedside display feed can be tampered with","Alarm limits, priorities, escalation rules or the alarm messages themselves can be modified through Bedside display feed. An alarm can be silenced, downgraded, re-routed or fabricated, and the clinical team sees the altered state as the truth.","A genuine deteriorating-patient alarm never reaches anyone, or false alarms are injected — driving alarm fatigue, desensitisation and unnecessary intervention.","Serious — injury needing professional intervention","not set","CRITICAL","","","Protect alarm limits and escalation configuration with integrity checks; treat a change to them as a clinical event, not a setting. | Sign alarm messages so a receiver can prove the alarm came from the device that raised it. | Restrict who can change alarm limits, and record every change with the identity that made it. | Annunciate locally at the device as well as remotely, so tampering with one path does not silence both.","","SEC-HAZ-008","CGM lab — GlucoSense CGM-3000 (worked example)","CGM-3000 Risk Management File (ISO 14971)"
"SEC-HAZ-065","T-228","Bedside display feed","Data flow","Generates, carries or displays alarms","D","Denial of service","Alarm delivery through Bedside display feed can be blocked, delayed or flooded","An attacker floods, exhausts or simply cuts Bedside display feed, so alarms are queued, dropped or delayed past the point where they are clinically useful. The inverse is equally dangerous: a flood of injected alarms buries the real one.","Deterioration goes unnoticed because nobody was alerted in time, or the alert that mattered was lost among false ones.","Serious — injury needing professional intervention","not set","CRITICAL","","","Set and verify a maximum alarm annunciation delay end to end; monitor it in service. | Give alarm traffic its own prioritised, rate-limited path that ordinary traffic cannot starve. | Fail loud: if the alarm path cannot be confirmed available, raise a local technical alarm. | Keep an independent local annunciation that does not depend on the network at all.","","SEC-HAZ-008","CGM lab — GlucoSense CGM-3000 (worked example)","CGM-3000 Risk Management File (ISO 14971)"
"SEC-HAZ-066","T-229","Bedside display feed","Data flow","Produces clinical data used for decisions","T","Tampering","Clinical data at Bedside display feed can be altered or substituted","Measurements, images, results or the patient identity attached to them can be modified through Bedside display feed, or the data of one patient can be presented as another's, without the clinician being able to detect it.","A clinician diagnoses or treats on wrong data: missed condition, unnecessary treatment, or the right treatment given to the wrong patient.","Serious — injury needing professional intervention","not set","CRITICAL","","","Bind clinical data to patient identity cryptographically and verify it at the point of display. | Sign results at the source; verify signatures before a result is used clinically. | Detect and flag stale data rather than displaying a last-known value as current.","","SEC-HAZ-008","CGM lab — GlucoSense CGM-3000 (worked example)","CGM-3000 Risk Management File (ISO 14971)"
"SEC-HAZ-067","T-230","Bedside display feed","Data flow","Produces clinical data used for decisions","D","Denial of service","Clinical data from Bedside display feed may be unavailable when a decision has to be made","An attack, an outage or a ransomware event makes Bedside display feed unavailable at the moment a clinician needs the data it holds or carries.","Treatment is delayed, or a decision is made without information that was available yesterday.","Serious — injury needing professional intervention","not set","CRITICAL","","","Define the downtime procedure and make sure clinicians have practised it. | Keep an independent, offline-capable copy of data needed for urgent care. | Cache the most recent values locally with an explicit staleness indicator.","","SEC-HAZ-008","CGM lab — GlucoSense CGM-3000 (worked example)","CGM-3000 Risk Management File (ISO 14971)"
"SEC-HAZ-068","T-237","BLE advertisement (RF)","Data flow","Produces clinical data used for decisions","T","Tampering","Clinical data at BLE advertisement (RF) can be altered or substituted","Measurements, images, results or the patient identity attached to them can be modified through BLE advertisement (RF), or the data of one patient can be presented as another's, without the clinician being able to detect it.","A clinician diagnoses or treats on wrong data: missed condition, unnecessary treatment, or the right treatment given to the wrong patient.","Minor — temporary injury, no professional intervention","not set","CRITICAL","","","Bind clinical data to patient identity cryptographically and verify it at the point of display. | Sign results at the source; verify signatures before a result is used clinically. | Detect and flag stale data rather than displaying a last-known value as current.","","SEC-HAZ-007","CGM lab — GlucoSense CGM-3000 (worked example)","CGM-3000 Risk Management File (ISO 14971)"
"SEC-HAZ-069","T-238","BLE advertisement (RF)","Data flow","Produces clinical data used for decisions","D","Denial of service","Clinical data from BLE advertisement (RF) may be unavailable when a decision has to be made","An attack, an outage or a ransomware event makes BLE advertisement (RF) unavailable at the moment a clinician needs the data it holds or carries.","Treatment is delayed, or a decision is made without information that was available yesterday.","Minor — temporary injury, no professional intervention","not set","CRITICAL","","","Define the downtime procedure and make sure clinicians have practised it. | Keep an independent, offline-capable copy of data needed for urgent care. | Cache the most recent values locally with an explicit staleness indicator.","","SEC-HAZ-007","CGM lab — GlucoSense CGM-3000 (worked example)","CGM-3000 Risk Management File (ISO 14971)"
"SEC-HAZ-070","T-275","Touch input / rendered display","Data flow","Generates, carries or displays alarms","T","Tampering","Alarm conditions or thresholds at Touch input / rendered display can be tampered with","Alarm limits, priorities, escalation rules or the alarm messages themselves can be modified through Touch input / rendered display. An alarm can be silenced, downgraded, re-routed or fabricated, and the clinical team sees the altered state as the truth.","A genuine deteriorating-patient alarm never reaches anyone, or false alarms are injected — driving alarm fatigue, desensitisation and unnecessary intervention.","Serious — injury needing professional intervention","Class B — non-serious injury possible","CRITICAL","","","Protect alarm limits and escalation configuration with integrity checks; treat a change to them as a clinical event, not a setting. | Sign alarm messages so a receiver can prove the alarm came from the device that raised it. | Restrict who can change alarm limits, and record every change with the identity that made it. | Annunciate locally at the device as well as remotely, so tampering with one path does not silence both.","","SEC-HAZ-012","CGM lab — GlucoSense CGM-3000 (worked example)","CGM-3000 Risk Management File (ISO 14971)"
"SEC-HAZ-071","T-276","Touch input / rendered display","Data flow","Generates, carries or displays alarms","D","Denial of service","Alarm delivery through Touch input / rendered display can be blocked, delayed or flooded","An attacker floods, exhausts or simply cuts Touch input / rendered display, so alarms are queued, dropped or delayed past the point where they are clinically useful. The inverse is equally dangerous: a flood of injected alarms buries the real one.","Deterioration goes unnoticed because nobody was alerted in time, or the alert that mattered was lost among false ones.","Serious — injury needing professional intervention","Class B — non-serious injury possible","CRITICAL","","","Set and verify a maximum alarm annunciation delay end to end; monitor it in service. | Give alarm traffic its own prioritised, rate-limited path that ordinary traffic cannot starve. | Fail loud: if the alarm path cannot be confirmed available, raise a local technical alarm. | Keep an independent local annunciation that does not depend on the network at all.","","SEC-HAZ-012","CGM lab — GlucoSense CGM-3000 (worked example)","CGM-3000 Risk Management File (ISO 14971)"
"SEC-HAZ-072","T-277","Touch input / rendered display","Data flow","Produces clinical data used for decisions","T","Tampering","Clinical data at Touch input / rendered display can be altered or substituted","Measurements, images, results or the patient identity attached to them can be modified through Touch input / rendered display, or the data of one patient can be presented as another's, without the clinician being able to detect it.","A clinician diagnoses or treats on wrong data: missed condition, unnecessary treatment, or the right treatment given to the wrong patient.","Serious — injury needing professional intervention","Class B — non-serious injury possible","CRITICAL","","","Bind clinical data to patient identity cryptographically and verify it at the point of display. | Sign results at the source; verify signatures before a result is used clinically. | Detect and flag stale data rather than displaying a last-known value as current.","","SEC-HAZ-012","CGM lab — GlucoSense CGM-3000 (worked example)","CGM-3000 Risk Management File (ISO 14971)"
"SEC-HAZ-073","T-278","Touch input / rendered display","Data flow","Produces clinical data used for decisions","D","Denial of service","Clinical data from Touch input / rendered display may be unavailable when a decision has to be made","An attack, an outage or a ransomware event makes Touch input / rendered display unavailable at the moment a clinician needs the data it holds or carries.","Treatment is delayed, or a decision is made without information that was available yesterday.","Serious — injury needing professional intervention","Class B — non-serious injury possible","CRITICAL","","","Define the downtime procedure and make sure clinicians have practised it. | Keep an independent, offline-capable copy of data needed for urgent care. | Cache the most recent values locally with an explicit staleness indicator.","","SEC-HAZ-012","CGM lab — GlucoSense CGM-3000 (worked example)","CGM-3000 Risk Management File (ISO 14971)"
"SEC-HAZ-074","T-286","Bedside annunciation","Data flow","Generates, carries or displays alarms","T","Tampering","Alarm conditions or thresholds at Bedside annunciation can be tampered with","Alarm limits, priorities, escalation rules or the alarm messages themselves can be modified through Bedside annunciation. An alarm can be silenced, downgraded, re-routed or fabricated, and the clinical team sees the altered state as the truth.","A genuine deteriorating-patient alarm never reaches anyone, or false alarms are injected — driving alarm fatigue, desensitisation and unnecessary intervention.","Critical — permanent impairment or life-threatening injury","Class B — non-serious injury possible","CRITICAL","","","Protect alarm limits and escalation configuration with integrity checks; treat a change to them as a clinical event, not a setting. | Sign alarm messages so a receiver can prove the alarm came from the device that raised it. | Restrict who can change alarm limits, and record every change with the identity that made it. | Annunciate locally at the device as well as remotely, so tampering with one path does not silence both.","","SEC-HAZ-012","CGM lab — GlucoSense CGM-3000 (worked example)","CGM-3000 Risk Management File (ISO 14971)"
"SEC-HAZ-075","T-287","Bedside annunciation","Data flow","Generates, carries or displays alarms","D","Denial of service","Alarm delivery through Bedside annunciation can be blocked, delayed or flooded","An attacker floods, exhausts or simply cuts Bedside annunciation, so alarms are queued, dropped or delayed past the point where they are clinically useful. The inverse is equally dangerous: a flood of injected alarms buries the real one.","Deterioration goes unnoticed because nobody was alerted in time, or the alert that mattered was lost among false ones.","Critical — permanent impairment or life-threatening injury","Class B — non-serious injury possible","CRITICAL","","","Set and verify a maximum alarm annunciation delay end to end; monitor it in service. | Give alarm traffic its own prioritised, rate-limited path that ordinary traffic cannot starve. | Fail loud: if the alarm path cannot be confirmed available, raise a local technical alarm. | Keep an independent local annunciation that does not depend on the network at all.","","SEC-HAZ-012","CGM lab — GlucoSense CGM-3000 (worked example)","CGM-3000 Risk Management File (ISO 14971)"
"SEC-HAZ-076","T-288","Bedside annunciation","Data flow","Produces clinical data used for decisions","T","Tampering","Clinical data at Bedside annunciation can be altered or substituted","Measurements, images, results or the patient identity attached to them can be modified through Bedside annunciation, or the data of one patient can be presented as another's, without the clinician being able to detect it.","A clinician diagnoses or treats on wrong data: missed condition, unnecessary treatment, or the right treatment given to the wrong patient.","Critical — permanent impairment or life-threatening injury","Class B — non-serious injury possible","CRITICAL","","","Bind clinical data to patient identity cryptographically and verify it at the point of display. | Sign results at the source; verify signatures before a result is used clinically. | Detect and flag stale data rather than displaying a last-known value as current.","","SEC-HAZ-012","CGM lab — GlucoSense CGM-3000 (worked example)","CGM-3000 Risk Management File (ISO 14971)"
"SEC-HAZ-077","T-289","Bedside annunciation","Data flow","Produces clinical data used for decisions","D","Denial of service","Clinical data from Bedside annunciation may be unavailable when a decision has to be made","An attack, an outage or a ransomware event makes Bedside annunciation unavailable at the moment a clinician needs the data it holds or carries.","Treatment is delayed, or a decision is made without information that was available yesterday.","Critical — permanent impairment or life-threatening injury","Class B — non-serious injury possible","CRITICAL","","","Define the downtime procedure and make sure clinicians have practised it. | Keep an independent, offline-capable copy of data needed for urgent care. | Cache the most recent values locally with an explicit staleness indicator.","","SEC-HAZ-012","CGM lab — GlucoSense CGM-3000 (worked example)","CGM-3000 Risk Management File (ISO 14971)"
"SEC-HAZ-078","T-293","Paired HID input","Data flow","Generates, carries or displays alarms","T","Tampering","Alarm conditions or thresholds at Paired HID input can be tampered with","Alarm limits, priorities, escalation rules or the alarm messages themselves can be modified through Paired HID input. An alarm can be silenced, downgraded, re-routed or fabricated, and the clinical team sees the altered state as the truth.","A genuine deteriorating-patient alarm never reaches anyone, or false alarms are injected — driving alarm fatigue, desensitisation and unnecessary intervention.","Serious — injury needing professional intervention","Class B — non-serious injury possible","CRITICAL","","","Protect alarm limits and escalation configuration with integrity checks; treat a change to them as a clinical event, not a setting. | Sign alarm messages so a receiver can prove the alarm came from the device that raised it. | Restrict who can change alarm limits, and record every change with the identity that made it. | Annunciate locally at the device as well as remotely, so tampering with one path does not silence both.","","SEC-HAZ-011","CGM lab — GlucoSense CGM-3000 (worked example)","CGM-3000 Risk Management File (ISO 14971)"
"SEC-HAZ-079","T-294","Paired HID input","Data flow","Generates, carries or displays alarms","D","Denial of service","Alarm delivery through Paired HID input can be blocked, delayed or flooded","An attacker floods, exhausts or simply cuts Paired HID input, so alarms are queued, dropped or delayed past the point where they are clinically useful. The inverse is equally dangerous: a flood of injected alarms buries the real one.","Deterioration goes unnoticed because nobody was alerted in time, or the alert that mattered was lost among false ones.","Serious — injury needing professional intervention","Class B — non-serious injury possible","CRITICAL","","","Set and verify a maximum alarm annunciation delay end to end; monitor it in service. | Give alarm traffic its own prioritised, rate-limited path that ordinary traffic cannot starve. | Fail loud: if the alarm path cannot be confirmed available, raise a local technical alarm. | Keep an independent local annunciation that does not depend on the network at all.","","SEC-HAZ-011","CGM lab — GlucoSense CGM-3000 (worked example)","CGM-3000 Risk Management File (ISO 14971)"
"SEC-HAZ-080","T-295","Paired HID input","Data flow","Needed for timely care delivery","D","Denial of service","Loss of Paired HID input delays or prevents care","Paired HID input is on the path for delivering care. A denial-of-service, ransomware event or dependency outage removes it, and the clinical workflow it supports stops.","Treatment is delayed or diverted; in a time-critical pathway that delay is itself the harm.","Serious — injury needing professional intervention","Class B — non-serious injury possible","HIGH","","","Agree the maximum tolerable downtime with the clinical service and design to it. | Provide a documented, rehearsed manual fallback that does not depend on the compromised system. | Segment the device network so an outage elsewhere in the hospital cannot take clinical care down with it.","","SEC-HAZ-011","CGM lab — GlucoSense CGM-3000 (worked example)","CGM-3000 Risk Management File (ISO 14971)"